id,first_name,second_name,now_cost,name,short_name,position
270,David,de Gea,52,Man Utd,MUN,GKP
280,Dean,Henderson,47,Man Utd,MUN,GKP
509,Tom,Heaton,39,Man Utd,MUN,GKP
183,Francisco,Casilla Cortés,45,Leeds,LEE,GKP
199,Illan,Meslier,48,Leeds,LEE,GKP
490,Kristoffer,Klaesson,43,Leeds,LEE,GKP
1,Bernd,Leno,45,Arsenal,ARS,GKP
2,Rúnar Alex,Rúnarsson,40,Arsenal,ARS,GKP
532,Karl,Hein,40,Arsenal,ARS,GKP
559,Aaron,Ramsdale,51,Arsenal,ARS,GKP
572,Arthur,Okonkwo,39,Arsenal,ARS,GKP
294,Karl,Darlow,45,Newcastle,NEW,GKP
295,Martin,Dubravka,44,Newcastle,NEW,GKP
513,Freddie,Woodman,43,Newcastle,NEW,GKP
514,Mark,Gillespie,39,Newcastle,NEW,GKP
352,Joe,Hart,45,Spurs,TOT,GKP
353,Hugo,Lloris,54,Spurs,TOT,GKP
486,Pierluigi,Gollini,43,Spurs,TOT,GKP
659,Brandon,Austin,40,Spurs,TOT,GKP
28,Jed,Steer,39,Aston Villa,AVL,GKP
30,Emiliano,Martínez,55,Aston Villa,AVL,GKP
596,Viljami,Sinisalo,40,Aston Villa,AVL,GKP
650,Filip,Marschall,40,Aston Villa,AVL,GKP
691,Robin,Olsen,40,Aston Villa,AVL,GKP
129,Kepa,Arrizabalaga,46,Chelsea,CHE,GKP
143,Edouard,Mendy,61,Chelsea,CHE,GKP
606,Marcus,Bettinelli,40,Chelsea,CHE,GKP
170,Jordan,Pickford,49,Everton,EVE,GKP
181,João,Virgínia,40,Everton,EVE,GKP
481,Asmir,Begović,40,Everton,EVE,GKP
571,Andy,Lonergan,40,Everton,EVE,GKP
616,Harry,Tyrer,40,Everton,EVE,GKP
200,Kasper,Schmeichel,48,Leicester,LEI,GKP
204,Danny,Ward,40,Leicester,LEI,GKP
573,Eldin,Jakupovic,39,Leicester,LEI,GKP
223,Adrián,San Miguel del Castillo,43,Liverpool,LIV,GKP
231,Alisson,Ramses Becker,60,Liverpool,LIV,GKP
242,Caoimhin,Kelleher,43,Liverpool,LIV,GKP
656,Marcelo,de Araújo Pitaluga Filho,40,Liverpool,LIV,GKP
333,Fraser,Forster,44,Southampton,SOU,GKP
334,Alex,McCarthy,44,Southampton,SOU,GKP
637,Harry,Lewis,39,Southampton,SOU,GKP
641,Willy,Caballero,43,Southampton,SOU,GKP
407,Darren,Randolph,43,West Ham,WHU,GKP
408,Lukasz,Fabianski,50,West Ham,WHU,GKP
489,Alphonse,Areola,47,West Ham,WHU,GKP
146,Vicente,Guaita,46,Crystal Palace,CRY,GKP
156,Jack,Butland,44,Crystal Palace,CRY,GKP
561,Remi,Matthews,39,Crystal Palace,CRY,GKP
54,Jason,Steele,40,Brighton,BHA,GKP
65,Mathew,Ryan,45,Brighton,BHA,GKP
69,Robert,Sánchez,46,Brighton,BHA,GKP
476,Kjell,Scherpen,45,Brighton,BHA,GKP
688,Thomas,McGill,40,Brighton,BHA,GKP
427,Rui Pedro,dos Santos Patrício,50,Wolves,WOL,GKP
444,Andreas,Söndergaard,39,Wolves,WOL,GKP
452,John,Ruddy,43,Wolves,WOL,GKP
475,José,Malheiro de Sá,53,Wolves,WOL,GKP
611,Louie,Moulden,40,Wolves,WOL,GKP
621,James,Storer,40,Wolves,WOL,GKP
257,Ederson,Santana de Moraes,61,Man City,MCI,GKP
260,Zack,Steffen,44,Man City,MCI,GKP
593,Scott,Carson,39,Man City,MCI,GKP
615,Cieran,Slicker,40,Man City,MCI,GKP
313,Michael,McGovern,39,Norwich,NOR,GKP
314,Tim,Krul,45,Norwich,NOR,GKP
448,Angus,Gunn,40,Norwich,NOR,GKP
666,Jon,McCracken,40,Norwich,NOR,GKP
376,Ben,Foster,41,Watford,WAT,GKP
389,Daniel,Bachmann,42,Watford,WAT,GKP
574,Robert,Elliot,40,Watford,WAT,GKP
642,Vincent,Angelini,40,Watford,WAT,GKP
112,Nick,Pope,54,Burnley,BUR,GKP
114,Will,Norris,44,Burnley,BUR,GKP
117,Bailey,Peacock-Farrell,45,Burnley,BUR,GKP
480,Wayne,Hennessey,45,Burnley,BUR,GKP
708,Sam,Waller,40,Burnley,BUR,GKP
80,David,Raya Martin,43,Brentford,BRE,GKP
92,Ellery,Balcombe,40,Brentford,BRE,GKP
94,Patrik,Gunnarsson,39,Brentford,BRE,GKP
556,Álvaro,Fernández,45,Brentford,BRE,GKP
619,Matthew,Cox,40,Brentford,BRE,GKP
673,Jonas,Lössl,45,Brentford,BRE,GKP
273,Harry,Maguire,54,Man Utd,MUN,DEF
275,Luke,Shaw,50,Man Utd,MUN,DEF
279,Alex Nicolao,Telles,50,Man Utd,MUN,DEF
283,Axel,Tuanzebe,44,Man Utd,MUN,DEF
284,Victor,Lindelöf,48,Man Utd,MUN,DEF
286,Eric,Bailly,49,Man Utd,MUN,DEF
288,Aaron,Wan-Bissaka,51,Man Utd,MUN,DEF
510,José Diogo,Dalot Teixeira,44,Man Utd,MUN,DEF
555,Raphaël,Varane,55,Man Utd,MUN,DEF
632,Phil,Jones,45,Man Utd,MUN,DEF
184,Liam,Cooper,44,Leeds,LEE,DEF
185,Luke,Ayling,43,Leeds,LEE,DEF
190,Diego,Llorente,45,Leeds,LEE,DEF
194,Robin,Koch,43,Leeds,LEE,DEF
198,Pascal,Struijk,43,Leeds,LEE,DEF
463,Héctor Junior,Firpo Adames,47,Leeds,LEE,DEF
562,Cody,Drameh,39,Leeds,LEE,DEF
563,Charlie,Cresswell,40,Leeds,LEE,DEF
608,Leo Fuhr,Hjelde,40,Leeds,LEE,DEF
657,Kris,Moore,40,Leeds,LEE,DEF
5,Cédric,Soares,42,Arsenal,ARS,DEF
8,Pablo,Marí,42,Arsenal,ARS,DEF
9,Héctor,Bellerín,48,Arsenal,ARS,DEF
11,Sead,Kolasinac,42,Arsenal,ARS,DEF
14,Rob,Holding,41,Arsenal,ARS,DEF
16,Kieran,Tierney,51,Arsenal,ARS,DEF
23,Gabriel,Magalhães,53,Arsenal,ARS,DEF
24,Konstantinos,Mavropanos,45,Arsenal,ARS,DEF
27,William,Saliba,45,Arsenal,ARS,DEF
67,Ben,White,45,Arsenal,ARS,DEF
466,Nuno,Varela Tavares,43,Arsenal,ARS,DEF
590,Takehiro,Tomiyasu,46,Arsenal,ARS,DEF
695,Ryan,Alebiosu,40,Arsenal,ARS,DEF
705,Zach,Awe,40,Arsenal,ARS,DEF
711,Zak,Swanson,40,Arsenal,ARS,DEF
39,Matt,Targett,47,Newcastle,NEW,DEF
58,Dan,Burn,44,Newcastle,NEW,DEF
292,Matt,Ritchie,49,Newcastle,NEW,DEF
293,Ciaran,Clark,44,Newcastle,NEW,DEF
299,Jamaal,Lascelles,44,Newcastle,NEW,DEF
301,Paul,Dummett,45,Newcastle,NEW,DEF
302,Javier,Manquillo,39,Newcastle,NEW,DEF
303,Emil,Krafth,43,Newcastle,NEW,DEF
305,Fabian,Schär,43,Newcastle,NEW,DEF
311,Jamal,Lewis,42,Newcastle,NEW,DEF
465,Federico,Fernández,43,Newcastle,NEW,DEF
678,Kieran,Trippier,50,Newcastle,NEW,DEF
355,Toby,Alderweireld,50,Spurs,TOT,DEF
358,Serge,Aurier,49,Spurs,TOT,DEF
360,Matt,Doherty,47,Spurs,TOT,DEF
361,Eric,Dier,46,Spurs,TOT,DEF
364,Ben,Davies,44,Spurs,TOT,DEF
367,Davinson,Sánchez,45,Spurs,TOT,DEF
368,Ryan,Sessegnon,43,Spurs,TOT,DEF
370,Sergio,Reguilón,52,Spurs,TOT,DEF
371,Japhet,Tanganga,42,Spurs,TOT,DEF
374,Joe,Rodon,42,Spurs,TOT,DEF
494,Cristian,Romero,48,Spurs,TOT,DEF
588,Emerson Aparecido,Leite de Souza Junior,47,Spurs,TOT,DEF
598,Tobi,Omole,39,Spurs,TOT,DEF
10,Calum,Chambers,42,Aston Villa,AVL,DEF
31,Björn,Engels,45,Aston Villa,AVL,DEF
36,Kortney,Hause,44,Aston Villa,AVL,DEF
38,Tyrone,Mings,50,Aston Villa,AVL,DEF
44,Matthew,Cash,51,Aston Villa,AVL,DEF
45,Ezri,Konsa Ngoyo,49,Aston Villa,AVL,DEF
46,Frédéric,Guilbert,45,Aston Villa,AVL,DEF
52,Ashley,Young,47,Aston Villa,AVL,DEF
168,Lucas,Digne,51,Aston Villa,AVL,DEF
610,Lamare,Bogarde,40,Aston Villa,AVL,DEF
670,Josh,Feeney,40,Aston Villa,AVL,DEF
684,Kaine,Hayden,40,Aston Villa,AVL,DEF
119,César,Azpilicueta,56,Chelsea,CHE,DEF
121,Thiago,Emiliano da Silva,56,Chelsea,CHE,DEF
122,Marcos,Alonso,56,Chelsea,CHE,DEF
127,Antonio,Rüdiger,61,Chelsea,CHE,DEF
133,Andreas,Christensen,46,Chelsea,CHE,DEF
135,Benjamin,Chilwell,56,Chelsea,CHE,DEF
139,Ethan,Ampadu,45,Chelsea,CHE,DEF
142,Reece,James,62,Chelsea,CHE,DEF
501,Malang,Sarr,49,Chelsea,CHE,DEF
527,Trevoh,Chalobah,47,Chelsea,CHE,DEF
539,Emerson,Palmieri dos Santos,45,Chelsea,CHE,DEF
690,Robert Kenedy,Nunes do Nascimento,45,Chelsea,CHE,DEF
165,Seamus,Coleman,49,Everton,EVE,DEF
169,Michael,Keane,47,Everton,EVE,DEF
175,Yerry,Mina,49,Everton,EVE,DEF
178,Mason,Holgate,42,Everton,EVE,DEF
179,Ben,Godfrey,47,Everton,EVE,DEF
502,Jonjoe,Kenny,44,Everton,EVE,DEF
544,Jarrad,Branthwaite,40,Everton,EVE,DEF
570,Niels,Nkounkou,40,Everton,EVE,DEF
623,Reece,Welch,40,Everton,EVE,DEF
674,Nathan,Patterson,42,Everton,EVE,DEF
675,Vitalii,Mykolenko,49,Everton,EVE,DEF
201,Jonny,Evans,54,Leicester,LEI,DEF
207,Ricardo Domingos,Barbosa Pereira,52,Leicester,LEI,DEF
208,Daniel,Amartey,38,Leicester,LEI,DEF
209,Timothy,Castagne,53,Leicester,LEI,DEF
217,Çaglar,Söyüncü,49,Leicester,LEI,DEF
218,James,Justin,49,Leicester,LEI,DEF
219,Luke,Thomas,43,Leicester,LEI,DEF
220,Wesley,Fofana,43,Leicester,LEI,DEF
340,Jannik,Vestergaard,47,Leicester,LEI,DEF
473,Ryan,Bertrand,46,Leicester,LEI,DEF
639,Vontae,Daley-Campbell,40,Leicester,LEI,DEF
645,Ben,Nelson,40,Leicester,LEI,DEF
224,Joel,Matip,49,Liverpool,LIV,DEF
229,Virgil,van Dijk,67,Liverpool,LIV,DEF
234,Andrew,Robertson,72,Liverpool,LIV,DEF
237,Trent,Alexander-Arnold,85,Liverpool,LIV,DEF
238,Joseph,Gomez,47,Liverpool,LIV,DEF
241,Nathaniel,Phillips,42,Liverpool,LIV,DEF
243,Ibrahima,Konaté,51,Liverpool,LIV,DEF
245,Konstantinos,Tsimikas,37,Liverpool,LIV,DEF
246,Neco,Williams,38,Liverpool,LIV,DEF
247,Rhys,Williams,44,Liverpool,LIV,DEF
248,Ben,Davies,40,Liverpool,LIV,DEF
626,Conor,Bradley,40,Liverpool,LIV,DEF
627,Owen,Beck,40,Liverpool,LIV,DEF
660,Jarell,Quansah,40,Liverpool,LIV,DEF
338,Jack,Stephens,44,Southampton,SOU,DEF
342,Kyle,Walker-Peters,48,Southampton,SOU,DEF
343,Jan,Bednarek,44,Southampton,SOU,DEF
351,Mohammed,Salisu,45,Southampton,SOU,DEF
460,Romain,Perraud,48,Southampton,SOU,DEF
491,Tino,Livramento,44,Southampton,SOU,DEF
546,Yan,Valery,39,Southampton,SOU,DEF
567,Lyanco Evangelista,Silveira Neves Vojnovic,44,Southampton,SOU,DEF
665,Dynel,Simeu,40,Southampton,SOU,DEF
667,Thierry,Small,40,Southampton,SOU,DEF
128,Kurt,Zouma,54,West Ham,WHU,DEF
409,Angelo,Ogbonna,49,West Ham,WHU,DEF
410,Winston,Reid,39,West Ham,WHU,DEF
411,Aaron,Cresswell,54,West Ham,WHU,DEF
414,Craig,Dawson,49,West Ham,WHU,DEF
415,Ryan,Fredericks,44,West Ham,WHU,DEF
417,Arthur,Masuaku,44,West Ham,WHU,DEF
418,Vladimir,Coufal,47,West Ham,WHU,DEF
424,Issa,Diop,43,West Ham,WHU,DEF
425,Ben,Johnson,39,West Ham,WHU,DEF
521,Frederik,Alves,40,West Ham,WHU,DEF
554,Jamal,Baptiste,40,West Ham,WHU,DEF
617,Harrison,Ashby,40,West Ham,WHU,DEF
644,Ajibola,Alese,40,West Ham,WHU,DEF
682,Pierre,Ekwah,40,West Ham,WHU,DEF
147,James,Tomkins,43,Crystal Palace,CRY,DEF
150,Cheikhou,Kouyaté,45,Crystal Palace,CRY,DEF
151,Martin,Kelly,38,Crystal Palace,CRY,DEF
158,Jarosław,Jach,43,Crystal Palace,CRY,DEF
161,Nathan,Ferguson,45,Crystal Palace,CRY,DEF
162,Tyrick,Mitchell,45,Crystal Palace,CRY,DEF
474,Joel,Ward,45,Crystal Palace,CRY,DEF
477,Marc,Guéhi,45,Crystal Palace,CRY,DEF
488,Joachim,Andersen,45,Crystal Palace,CRY,DEF
493,Nathaniel,Clyne,43,Crystal Palace,CRY,DEF
540,Reece,Hannam,39,Crystal Palace,CRY,DEF
709,Tayo,Adaramola,40,Crystal Palace,CRY,DEF
56,Shane,Duffy,41,Brighton,BHA,DEF
59,Lewis,Dunk,48,Brighton,BHA,DEF
61,Adam,Webster,43,Brighton,BHA,DEF
62,Joël,Veltman,42,Brighton,BHA,DEF
68,Bernardo,Fernandes Da Silva Junior,40,Brighton,BHA,DEF
71,Tariq,Lamptey,45,Brighton,BHA,DEF
536,Michal,Karbownik,40,Brighton,BHA,DEF
560,Haydon,Roberts,39,Brighton,BHA,DEF
584,Marc,Cucurella,50,Brighton,BHA,DEF
653,Ed,Turns,40,Brighton,BHA,DEF
712,Odeluga,Offiah,40,Brighton,BHA,DEF
428,Willy,Boly,49,Wolves,WOL,DEF
429,Conor,Coady,48,Wolves,WOL,DEF
431,Romain,Saïss,50,Wolves,WOL,DEF
432,Fernando,Marçal,42,Wolves,WOL,DEF
433,Jonathan,Castro Otto,45,Wolves,WOL,DEF
437,Nélson,Cabral Semedo,48,Wolves,WOL,DEF
439,Max,Kilman,46,Wolves,WOL,DEF
443,Ki-Jana,Hoever,39,Wolves,WOL,DEF
446,Yerson,Mosquera Valdelamar,44,Wolves,WOL,DEF
470,Rayan,Ait Nouri,44,Wolves,WOL,DEF
549,Christian,Marques,40,Wolves,WOL,DEF
635,Hugo,Bueno,40,Wolves,WOL,DEF
685,Toti António,Gomes,45,Wolves,WOL,DEF
686,Dion,Sanderson,40,Wolves,WOL,DEF
249,Kyle,Walker,54,Man City,MCI,DEF
252,John,Stones,52,Man City,MCI,DEF
253,Benjamin,Mendy,52,Man City,MCI,DEF
256,João Pedro Cavaco,Cancelo,70,Man City,MCI,DEF
258,Nathan,Aké,47,Man City,MCI,DEF
259,Aymeric,Laporte,58,Man City,MCI,DEF
262,Rúben Santos,Gato Alves Dias,62,Man City,MCI,DEF
264,Oleksandr,Zinchenko,53,Man City,MCI,DEF
603,Luke,Mbete,39,Man City,MCI,DEF
604,Joshua,Wilson-Esbrand,39,Man City,MCI,DEF
651,Conrad,Egan-Riley,40,Man City,MCI,DEF
290,Brandon,Williams,39,Norwich,NOR,DEF
319,Grant,Hanley,44,Norwich,NOR,DEF
321,Sam,Byram,44,Norwich,NOR,DEF
324,Christoph,Zimmermann,44,Norwich,NOR,DEF
326,Max,Aarons,43,Norwich,NOR,DEF
327,Jacob,Sørensen,43,Norwich,NOR,DEF
331,Andrew,Omobamidele,39,Norwich,NOR,DEF
456,Ben,Gibson,44,Norwich,NOR,DEF
457,Dimitris,Giannoulis,44,Norwich,NOR,DEF
515,Bali,Mumba,39,Norwich,NOR,DEF
580,Ozan,Kabak,43,Norwich,NOR,DEF
643,Jonathan,Tomkinson,40,Norwich,NOR,DEF
377,Danny,Rose,42,Watford,WAT,DEF
379,Craig,Cathcart,43,Watford,WAT,DEF
382,Francisco,Femenía Far,43,Watford,WAT,DEF
384,Christian,Kabasele,43,Watford,WAT,DEF
387,William,Troost-Ekong,43,Watford,WAT,DEF
390,Adam,Masina,43,Watford,WAT,DEF
396,Francisco,Sierralta,43,Watford,WAT,DEF
398,Marc,Navarro,40,Watford,WAT,DEF
400,Jeremy,Ngakia,43,Watford,WAT,DEF
401,Ben,Wilmot,45,Watford,WAT,DEF
454,Matthew,Pollock,40,Watford,WAT,DEF
618,Nicolas,Nkoulou,44,Watford,WAT,DEF
633,James,Morris,40,Watford,WAT,DEF
676,Hassane,Kamara,45,Watford,WAT,DEF
677,Samir,Caetano de Souza Santos,45,Watford,WAT,DEF
98,James,Tarkowski,49,Burnley,BUR,DEF
99,Phil,Bardsley,39,Burnley,BUR,DEF
100,Erik,Pieters,42,Burnley,BUR,DEF
103,Kevin,Long,40,Burnley,BUR,DEF
106,Ben,Mee,48,Burnley,BUR,DEF
110,Matthew,Lowton,44,Burnley,BUR,DEF
113,Charlie,Taylor,44,Burnley,BUR,DEF
451,Nathan,Collins,43,Burnley,BUR,DEF
534,Bobby,Thomas,39,Burnley,BUR,DEF
565,Owen,Dodgson,39,Burnley,BUR,DEF
585,Connor,Roberts,45,Burnley,BUR,DEF
76,Pontus,Jansson,45,Brentford,BRE,DEF
83,Rico,Henry,45,Brentford,BRE,DEF
87,Charlie,Goode,39,Brentford,BRE,DEF
89,Mads,Roerslev Rasmussen,42,Brentford,BRE,DEF
90,Mads,Bech Sørensen,43,Brentford,BRE,DEF
91,Ethan,Pinnock,45,Brentford,BRE,DEF
483,Kristoffer,Ajer,44,Brentford,BRE,DEF
498,Dominic,Thompson,44,Brentford,BRE,DEF
569,Finley,Stevens,39,Brentford,BRE,DEF
594,Mathias,Jorgensen,45,Brentford,BRE,DEF
271,Nemanja,Matic,43,Man Utd,MUN,MID
272,Paul,Pogba,74,Man Utd,MUN,MID
274,Frederico,Rodrigues de Paula Santos,49,Man Utd,MUN,MID
276,Jesse,Lingard,67,Man Utd,MUN,MID
277,Bruno Miguel,Borges Fernandes,116,Man Utd,MUN,MID
281,Marcus,Rashford,94,Man Utd,MUN,MID
285,Scott,McTominay,54,Man Utd,MUN,MID
289,Mason,Greenwood,71,Man Utd,MUN,MID
459,Juan,Mata,47,Man Utd,MUN,MID
485,Jadon,Sancho,89,Man Utd,MUN,MID
511,Andreas,Pereira,50,Man Utd,MUN,MID
512,Anthony,Elanga,48,Man Utd,MUN,MID
636,Amad,Diallo,50,Man Utd,MUN,MID
706,Hannibal,Mejbri,45,Man Utd,MUN,MID
182,Pablo,Hernández Domínguez,55,Leeds,LEE,MID
186,Mateusz,Klich,52,Leeds,LEE,MID
188,Stuart,Dallas,49,Leeds,LEE,MID
191,Kalvin,Phillips,47,Leeds,LEE,MID
192,Hélder Wander,Sousa de Azevedo e Costa,54,Leeds,LEE,MID
193,Tyler,Roberts,48,Leeds,LEE,MID
195,Ian Carlo,Poveda-Ocampo,45,Leeds,LEE,MID
196,Raphael,Dias Belloli,65,Leeds,LEE,MID
197,Jamie,Shackleton,44,Leeds,LEE,MID
267,Jack,Harrison,55,Leeds,LEE,MID
287,Daniel,James,60,Leeds,LEE,MID
551,Crysencio,Summerville,45,Leeds,LEE,MID
552,Adam,Forshaw,45,Leeds,LEE,MID
576,Liam,McCarron,44,Leeds,LEE,MID
600,Nohan,Kenneh,44,Leeds,LEE,MID
601,Stuart,McKinstry,43,Leeds,LEE,MID
624,Lewis,Bate,45,Leeds,LEE,MID
631,Jack,Jenkins,45,Leeds,LEE,MID
658,Archie,Gray,45,Leeds,LEE,MID
3,Willian,Borges Da Silva,63,Arsenal,ARS,MID
7,Granit,Xhaka,48,Arsenal,ARS,MID
12,Mohamed Naser,El Sayed Elneny,44,Arsenal,ARS,MID
13,Ainsley,Maitland-Niles,52,Arsenal,ARS,MID
15,Thomas,Partey,50,Arsenal,ARS,MID
17,Nicolas,Pépé,69,Arsenal,ARS,MID
18,Lucas,Torreira,45,Arsenal,ARS,MID
21,Emile,Smith Rowe,58,Arsenal,ARS,MID
22,Bukayo,Saka,65,Arsenal,ARS,MID
25,Mattéo,Guendouzi,45,Arsenal,ARS,MID
26,Gabriel Teodoro,Martinelli Silva,53,Arsenal,ARS,MID
478,Albert,Sambi Lokonga,48,Arsenal,ARS,MID
531,Reiss,Nelson,50,Arsenal,ARS,MID
558,Martin,Ødegaard,55,Arsenal,ARS,MID
664,Charlie,Patino,45,Arsenal,ARS,MID
692,Omari,Hutchinson,45,Arsenal,ARS,MID
693,Salah-Eddine,Oulad M'hand,45,Arsenal,ARS,MID
19,Joseph,Willock,58,Newcastle,NEW,MID
291,Jonjo,Shelvey,53,Newcastle,NEW,MID
297,Jeff,Hendrick,48,Newcastle,NEW,MID
298,Ryan,Fraser,53,Newcastle,NEW,MID
304,Jacob,Murphy,47,Newcastle,NEW,MID
306,Isaac,Hayden,45,Newcastle,NEW,MID
308,Miguel,Almirón,51,Newcastle,NEW,MID
309,Sean,Longstaff,44,Newcastle,NEW,MID
312,Matthew,Longstaff,45,Newcastle,NEW,MID
599,Joe,White,44,Newcastle,NEW,MID
609,Elliot,Anderson,45,Newcastle,NEW,MID
697,Bruno,Guimarães Rodriguez Moura,49,Newcastle,NEW,MID
707,Lucas,De Bolle,45,Newcastle,NEW,MID
356,Erik,Lamela,60,Spurs,TOT,MID
359,Heung-Min,Son,108,Spurs,TOT,MID
362,Lucas,Rodrigues Moura da Silva,62,Spurs,TOT,MID
365,Pierre-Emile,Højbjerg,49,Spurs,TOT,MID
366,Harry,Winks,44,Spurs,TOT,MID
369,Steven,Bergwijn,59,Spurs,TOT,MID
372,Giovani,Lo Celso,59,Spurs,TOT,MID
373,Oliver,Skipp,44,Spurs,TOT,MID
375,Tanguy,Ndombele,57,Spurs,TOT,MID
487,Bryan,Gil Salvatierra,57,Spurs,TOT,MID
597,Dilan,Markanday,45,Spurs,TOT,MID
668,Harvey,White,44,Spurs,TOT,MID
701,Dejan,Kulusevski,61,Spurs,TOT,MID
702,Rodrigo,Bentancur,49,Spurs,TOT,MID
714,Alfie,Devine,45,Spurs,TOT,MID
29,Conor,Hourihane,49,Aston Villa,AVL,MID
32,Bertrand,Traoré,57,Aston Villa,AVL,MID
34,Morgan,Sanson,50,Aston Villa,AVL,MID
35,John,McGinn,57,Aston Villa,AVL,MID
37,Mahmoud Ahmed,Ibrahim Hassan,54,Aston Villa,AVL,MID
41,Marvelous,Nakamba,44,Aston Villa,AVL,MID
43,Emiliano,Buendía Stati,62,Aston Villa,AVL,MID
50,Douglas Luiz,Soares de Paulo,44,Aston Villa,AVL,MID
51,Jacob,Ramsey,48,Aston Villa,AVL,MID
492,Leon,Bailey,63,Aston Villa,AVL,MID
496,Aaron,Ramsey,44,Aston Villa,AVL,MID
497,Jaden,Philogene-Bidace,50,Aston Villa,AVL,MID
526,Carney,Chukwuemeka,45,Aston Villa,AVL,MID
638,Tim,Iroegbunam,45,Aston Villa,AVL,MID
681,Philippe,Coutinho Correia,74,Aston Villa,AVL,MID
703,Benjamin,Chrisene,45,Aston Villa,AVL,MID
713,Tommi,O'Reilly,45,Aston Villa,AVL,MID
123,Jorge Luiz,Frello Filho,58,Chelsea,CHE,MID
124,Ross,Barkley,52,Chelsea,CHE,MID
125,Mateo,Kovacic,50,Chelsea,CHE,MID
130,N'Golo,Kanté,49,Chelsea,CHE,MID
131,Hakim,Ziyech,73,Chelsea,CHE,MID
132,Ruben,Loftus-Cheek,54,Chelsea,CHE,MID
137,Christian,Pulisic,79,Chelsea,CHE,MID
138,Mason,Mount,75,Chelsea,CHE,MID
140,Callum,Hudson-Odoi,53,Chelsea,CHE,MID
141,Kai,Havertz,78,Chelsea,CHE,MID
592,Saúl,Ñíguez,49,Chelsea,CHE,MID
671,Lewis,Hall,45,Chelsea,CHE,MID
672,Harvey,Vale,45,Chelsea,CHE,MID
42,Anwar,El Ghazi,56,Everton,EVE,MID
163,Fabian,Delph,43,Everton,EVE,MID
164,Gylfi,Sigurdsson,67,Everton,EVE,MID
166,James,Rodríguez,69,Everton,EVE,MID
167,Bernard,Anício Caldeira Duarte,55,Everton,EVE,MID
171,Allan,Marques Loureiro,43,Everton,EVE,MID
172,André Filipe,Tavares Gomes,49,Everton,EVE,MID
173,Abdoulaye,Doucouré,53,Everton,EVE,MID
174,Alex,Iwobi,58,Everton,EVE,MID
176,Tom,Davies,48,Everton,EVE,MID
282,Donny,van de Beek,57,Everton,EVE,MID
363,Bamidele,Alli,62,Everton,EVE,MID
482,Andros,Townsend,52,Everton,EVE,MID
484,Demarai,Gray,55,Everton,EVE,MID
503,Anthony,Gordon,45,Everton,EVE,MID
504,Jean-Philippe,Gbamin,44,Everton,EVE,MID
613,Charlie,Whitaker,45,Everton,EVE,MID
630,Tyler,Onyango,45,Everton,EVE,MID
202,Marc,Albrighton,52,Leicester,LEI,MID
203,Nampalys,Mendy,43,Leicester,LEI,MID
206,Dennis,Praet,49,Leicester,LEI,MID
210,Youri,Tielemans,64,Leicester,LEI,MID
211,Ayoze,Pérez,57,Leicester,LEI,MID
212,James,Maddison,68,Leicester,LEI,MID
214,Hamza,Choudhury,44,Leicester,LEI,MID
215,Harvey,Barnes,65,Leicester,LEI,MID
216,Wilfred,Ndidi,48,Leicester,LEI,MID
458,Boubakary,Soumaré,48,Leicester,LEI,MID
505,Kiernan,Dewsbury-Hall,44,Leicester,LEI,MID
587,Ademola,Lookman,60,Leicester,LEI,MID
646,Lewis,Brunt,45,Leicester,LEI,MID
647,Kasey,McAteer,45,Leicester,LEI,MID
221,James,Milner,49,Liverpool,LIV,MID
222,Jordan,Henderson,50,Liverpool,LIV,MID
225,Thiago,Alcántara do Nascimento,53,Liverpool,LIV,MID
226,Xherdan,Shaqiri,59,Liverpool,LIV,MID
227,Alex,Oxlade-Chamberlain,58,Liverpool,LIV,MID
230,Sadio,Mané,117,Liverpool,LIV,MID
232,Fabio Henrique,Tavares,54,Liverpool,LIV,MID
233,Mohamed,Salah,132,Liverpool,LIV,MID
236,Takumi,Minamino,51,Liverpool,LIV,MID
239,Naby,Keita,50,Liverpool,LIV,MID
240,Diogo,Jota,83,Liverpool,LIV,MID
244,Curtis,Jones,50,Liverpool,LIV,MID
506,Harvey,Elliott,53,Liverpool,LIV,MID
553,Ben,Woodburn,45,Liverpool,LIV,MID
620,Tyler,Morton,45,Liverpool,LIV,MID
625,Kaide,Gordon,45,Liverpool,LIV,MID
696,Luis,Díaz,80,Liverpool,LIV,MID
332,Theo,Walcott,58,Southampton,SOU,MID
335,Oriol,Romeu Vidal,45,Southampton,SOU,MID
336,Nathan,Redmond,59,Southampton,SOU,MID
339,Stuart,Armstrong,58,Southampton,SOU,MID
341,James,Ward-Prowse,66,Southampton,SOU,MID
346,Nathan,Tella,47,Southampton,SOU,MID
347,William,Smallbone,45,Southampton,SOU,MID
349,Ibrahima,Diallo,45,Southampton,SOU,MID
350,Moussa,Djenepo,52,Southampton,SOU,MID
517,Mohamed,Elyounoussi,54,Southampton,SOU,MID
680,Kgaogelo,Chauke,45,Southampton,SOU,MID
406,Mark,Noble,44,West Ham,WHU,MID
412,Andriy,Yarmolenko,51,West Ham,WHU,MID
416,Manuel,Lanzini,57,West Ham,WHU,MID
419,Saïd,Benrahma,59,West Ham,WHU,MID
420,Jarrod,Bowen,70,West Ham,WHU,MID
421,Declan,Rice,51,West Ham,WHU,MID
422,Tomas,Soucek,57,West Ham,WHU,MID
423,Pablo,Fornals,60,West Ham,WHU,MID
522,Conor,Coventry,45,West Ham,WHU,MID
582,Nikola,Vlasic,56,West Ham,WHU,MID
589,Alex,Kral,44,West Ham,WHU,MID
634,Sonny,Perkins,45,West Ham,WHU,MID
652,Armstrong,Oko-Flex,44,West Ham,WHU,MID
710,Daniel,Chesters,45,West Ham,WHU,MID
144,Conor,Gallagher,62,Crystal Palace,CRY,MID
148,James,McArthur,43,Crystal Palace,CRY,MID
152,Luka,Milivojevic,53,Crystal Palace,CRY,MID
154,Wilfried,Zaha,68,Crystal Palace,CRY,MID
155,Jeffrey,Schlupp,54,Crystal Palace,CRY,MID
157,Jairo,Riedewald,47,Crystal Palace,CRY,MID
160,Eberechi,Eze,59,Crystal Palace,CRY,MID
386,Will,Hughes,47,Crystal Palace,CRY,MID
464,Michael,Olise,54,Crystal Palace,CRY,MID
541,Jesurun,Rak-Sakyi,44,Crystal Palace,CRY,MID
543,Scott,Banks,45,Crystal Palace,CRY,MID
53,Adam,Lallana,53,Brighton,BHA,MID
55,Pascal,Groß,57,Brighton,BHA,MID
57,Davy,Pröpper,45,Brighton,BHA,MID
60,Solomon,March,53,Brighton,BHA,MID
64,Leandro,Trossard,59,Brighton,BHA,MID
66,Alireza,Jahanbakhsh,55,Brighton,BHA,MID
70,Yves,Bissouma,44,Brighton,BHA,MID
73,Steven,Alzate,48,Brighton,BHA,MID
74,Alexis,Mac Allister,52,Brighton,BHA,MID
75,Jakub,Moder,45,Brighton,BHA,MID
462,Enock,Mwepu,59,Brighton,BHA,MID
537,Taylor,Richards,45,Brighton,BHA,MID
538,Moisés,Caicedo,45,Brighton,BHA,MID
612,Jeremy,Sarmiento,45,Brighton,BHA,MID
654,Marc,Leonard,45,Brighton,BHA,MID
426,João Filipe Iria,Santos Moutinho,49,Wolves,WOL,MID
434,Leander,Dendoncker,47,Wolves,WOL,MID
435,Adama,Traoré,56,Wolves,WOL,MID
436,Rúben Diogo,da Silva Neves,53,Wolves,WOL,MID
438,Daniel,Castelo Podence,55,Wolves,WOL,MID
440,Morgan,Gibbs-White,45,Wolves,WOL,MID
441,Pedro,Lomba Neto,64,Wolves,WOL,MID
442,Owen,Otasowie,45,Wolves,WOL,MID
461,Francisco,Machado Mota de Castro Trincão,56,Wolves,WOL,MID
547,Luke,Cundle,44,Wolves,WOL,MID
548,Chem,Campbell,44,Wolves,WOL,MID
661,Bruno André,Cavaco Jordão,45,Wolves,WOL,MID
687,Ryan,Giles,45,Wolves,WOL,MID
689,Francisco Jorge,Tomás Oliveira,55,Wolves,WOL,MID
33,Jack,Grealish,75,Man City,MCI,MID
250,Ilkay,Gündogan,71,Man City,MCI,MID
251,Kevin,De Bruyne,118,Man City,MCI,MID
254,Riyad,Mahrez,87,Man City,MCI,MID
255,Raheem,Sterling,107,Man City,MCI,MID
261,Bernardo Mota,Veiga de Carvalho e Silva,72,Man City,MCI,MID
265,Phil,Foden,79,Man City,MCI,MID
266,Rodrigo,Hernandez,55,Man City,MCI,MID
268,Ferran,Torres,67,Man City,MCI,MID
453,Fernando,Luiz Rosa,47,Man City,MCI,MID
507,Cole,Palmer,45,Man City,MCI,MID
508,Samuel,Edozie,47,Man City,MCI,MID
566,Tommy,Doyle,45,Man City,MCI,MID
605,Romeo,Lavia,44,Man City,MCI,MID
629,James,McAtee,44,Man City,MCI,MID
145,Billy,Gilmour,43,Norwich,NOR,MID
316,Marco,Stiepermann,50,Norwich,NOR,MID
317,Lukas,Rupp,44,Norwich,NOR,MID
318,Kenny,McLean,49,Norwich,NOR,MID
320,Onel,Hernández,49,Norwich,NOR,MID
323,Kieran,Dowell,51,Norwich,NOR,MID
325,Todd,Cantwell,53,Norwich,NOR,MID
328,Przemyslaw,Placheta,47,Norwich,NOR,MID
330,Josh,Martin,50,Norwich,NOR,MID
449,Milot,Rashica,52,Norwich,NOR,MID
471,Pierre,Lees-Melou,48,Norwich,NOR,MID
528,Christos,Tzolis,48,Norwich,NOR,MID
581,Mathias,Normann,45,Norwich,NOR,MID
648,Jonathan,Rowe,44,Norwich,NOR,MID
683,Liam,Gibbs,45,Norwich,NOR,MID
354,Moussa,Sissoko,44,Watford,WAT,MID
378,Dan,Gosling,47,Watford,WAT,MID
381,Tom,Cleverley,48,Watford,WAT,MID
385,Nathaniel,Chalobah,50,Watford,WAT,MID
391,Ken,Sema,52,Watford,WAT,MID
392,Philip,Zinckernagel,55,Watford,WAT,MID
394,Ayotomiwa,Dele-Bashiru,45,Watford,WAT,MID
397,Domingos,Quina,45,Watford,WAT,MID
399,Ismaila,Sarr,57,Watford,WAT,MID
402,Joseph,Hungbo,45,Watford,WAT,MID
403,Imrân,Louza,52,Watford,WAT,MID
405,Kwadwo,Baah,43,Watford,WAT,MID
467,Oghenekaro Peter,Etebo,43,Watford,WAT,MID
495,Juraj,Kucka,55,Watford,WAT,MID
557,Ozan,Tufan,50,Watford,WAT,MID
669,Kamil,Conteh,45,Watford,WAT,MID
679,Edo,Kayembe,47,Watford,WAT,MID
698,Samuel,Kalu,50,Watford,WAT,MID
101,Jack,Cork,44,Burnley,BUR,MID
102,Dale,Stephens,44,Burnley,BUR,MID
107,Ashley,Westwood,53,Burnley,BUR,MID
108,Johann Berg,Gudmundsson,54,Burnley,BUR,MID
115,Josh,Brownhill,43,Burnley,BUR,MID
116,Josh,Benson,45,Burnley,BUR,MID
118,Dwight,McNeil,57,Burnley,BUR,MID
575,Aaron,Lennon,49,Burnley,BUR,MID
578,Maxwel,Cornet,59,Burnley,BUR,MID
77,Christian,Nørgaard,50,Brentford,BRE,MID
79,Tariqe,Fosu-Henry,51,Brentford,BRE,MID
81,Sergi,Canós,55,Brentford,BRE,MID
82,Pelenda Joshua,Dasilva,53,Brentford,BRE,MID
84,Vitaly,Janelt,49,Brentford,BRE,MID
85,Saman,Ghoddos,53,Brentford,BRE,MID
86,Mathias,Jensen,49,Brentford,BRE,MID
93,Jan,Zamburek,44,Brentford,BRE,MID
96,Bryan,Mbeumo,52,Brentford,BRE,MID
97,Mads,Bidstrup,44,Brentford,BRE,MID
479,Frank,Onyeka,49,Brentford,BRE,MID
499,Shandon,Baptiste,49,Brentford,BRE,MID
524,Yoane,Wissa,58,Brentford,BRE,MID
614,Paris,Maghoma,45,Brentford,BRE,MID
628,Maxwell,Haygarth,45,Brentford,BRE,MID
662,Myles,Peart-Harris,45,Brentford,BRE,MID
699,Christian,Eriksen,55,Brentford,BRE,MID
269,Edinson,Cavani,84,Man Utd,MUN,FWD
278,Anthony,Martial,76,Man Utd,MUN,FWD
579,Cristiano Ronaldo,dos Santos Aveiro,123,Man Utd,MUN,FWD
187,Rodrigo,Moreno,62,Leeds,LEE,FWD
189,Patrick,Bamford,77,Leeds,LEE,FWD
550,Sam,Greenwood,45,Leeds,LEE,FWD
577,Joe,Gelhardt,46,Leeds,LEE,FWD
4,Pierre-Emerick,Aubameyang,96,Arsenal,ARS,FWD
6,Alexandre,Lacazette,83,Arsenal,ARS,FWD
20,Edward,Nketiah,54,Arsenal,ARS,FWD
530,Folarin,Balogun,47,Arsenal,ARS,FWD
694,Mika,Biereth,45,Arsenal,ARS,FWD
109,Chris,Wood,67,Newcastle,NEW,FWD
296,Callum,Wilson,72,Newcastle,NEW,FWD
300,Dwight,Gayle,52,Newcastle,NEW,FWD
307,Allan,Saint-Maximin,68,Newcastle,NEW,FWD
310,Joelinton Cássio,Apolinário de Lira,58,Newcastle,NEW,FWD
357,Harry,Kane,123,Spurs,TOT,FWD
520,Dane,Scarlett,45,Spurs,TOT,FWD
40,Ollie,Watkins,75,Aston Villa,AVL,FWD
47,Wesley,Moraes,54,Aston Villa,AVL,FWD
48,Mbwana Ally,Samatta,55,Aston Villa,AVL,FWD
49,Keinan,Davis,45,Aston Villa,AVL,FWD
337,Danny,Ings,77,Aston Villa,AVL,FWD
568,Cameron,Archer,45,Aston Villa,AVL,FWD
120,Olivier,Giroud,65,Chelsea,CHE,FWD
126,Michy,Batshuayi,55,Chelsea,CHE,FWD
134,Timo,Werner,86,Chelsea,CHE,FWD
136,Tammy,Abraham,65,Chelsea,CHE,FWD
529,Romelu,Lukaku,115,Chelsea,CHE,FWD
177,Dominic,Calvert-Lewin,77,Everton,EVE,FWD
180,Richarlison,de Andrade,75,Everton,EVE,FWD
545,Nathan,Broadhead,45,Everton,EVE,FWD
564,Moise,Kean,60,Everton,EVE,FWD
591,Salomón,Rondón,60,Everton,EVE,FWD
602,Ellis,Simms,45,Everton,EVE,FWD
607,Lewis,Dobbin,45,Everton,EVE,FWD
622,Cenk,Tosun,50,Everton,EVE,FWD
205,Jamie,Vardy,103,Leicester,LEI,FWD
213,Kelechi,Iheanacho,69,Leicester,LEI,FWD
455,Patson,Daka,72,Leicester,LEI,FWD
228,Roberto,Firmino,87,Liverpool,LIV,FWD
235,Divock,Origi,48,Liverpool,LIV,FWD
344,Daniel,N'Lundulu,45,Southampton,SOU,FWD
345,Che,Adams,70,Southampton,SOU,FWD
348,Michael,Obafemi,45,Southampton,SOU,FWD
518,Armando,Broja,55,Southampton,SOU,FWD
519,Shane,Long,54,Southampton,SOU,FWD
525,Adam,Armstrong,57,Southampton,SOU,FWD
413,Michail,Antonio,76,West Ham,WHU,FWD
149,Christian,Benteke,60,Crystal Palace,CRY,FWD
153,Jordan,Ayew,58,Crystal Palace,CRY,FWD
159,Jean-Philippe,Mateta,52,Crystal Palace,CRY,FWD
542,Robert,Street,45,Crystal Palace,CRY,FWD
586,Odsonne,Edouard,64,Crystal Palace,CRY,FWD
63,Neal,Maupay,65,Brighton,BHA,FWD
72,Aaron,Connolly,53,Brighton,BHA,FWD
447,Danny,Welbeck,59,Brighton,BHA,FWD
500,Florin,Andone,50,Brighton,BHA,FWD
535,Andi,Zeqiri,45,Brighton,BHA,FWD
595,Jürgen,Locadia,44,Brighton,BHA,FWD
655,Evan,Ferguson,45,Brighton,BHA,FWD
430,Raúl,Jiménez,76,Wolves,WOL,FWD
445,Fabio,Silva,56,Wolves,WOL,FWD
523,Patrick,Cutrone,50,Wolves,WOL,FWD
583,Hee-Chan,Hwang,54,Wolves,WOL,FWD
263,Gabriel Fernando,de Jesus,84,Man City,MCI,FWD
663,Kayky da Silva,Chagas,50,Man City,MCI,FWD
704,Liam,Delap,45,Man City,MCI,FWD
315,Teemu,Pukki,58,Norwich,NOR,FWD
322,Jordan,Hugill,54,Norwich,NOR,FWD
329,Adam,Idah,49,Norwich,NOR,FWD
516,Joshua,Sargent,54,Norwich,NOR,FWD
649,Thomas,Dickson-Peters,45,Norwich,NOR,FWD
380,Troy,Deeney,54,Watford,WAT,FWD
383,Andre,Gray,54,Watford,WAT,FWD
388,Stipe,Perica,45,Watford,WAT,FWD
393,Isaac,Success Ajayi,50,Watford,WAT,FWD
395,Ashley,Fletcher,48,Watford,WAT,FWD
404,João Pedro,Junqueira de Jesus,54,Watford,WAT,FWD
450,Emmanuel,Dennis,61,Watford,WAT,FWD
468,Joshua,King,58,Watford,WAT,FWD
469,Adedapo,Awokoya-Mebude,45,Watford,WAT,FWD
472,Juan Camilo,Hernández Suárez,50,Watford,WAT,FWD
104,Jay,Rodriguez,52,Burnley,BUR,FWD
105,Ashley,Barnes,52,Burnley,BUR,FWD
111,Matej,Vydra,52,Burnley,BUR,FWD
533,Lewis,Richardson,44,Burnley,BUR,FWD
700,Wout,Weghorst,66,Burnley,BUR,FWD
78,Ivan,Toney,65,Brentford,BRE,FWD
88,Marcus,Forss,53,Brentford,BRE,FWD
95,Halil,Dervişoğlu,54,Brentford,BRE,FWD
640,Nathan,Young-Coombes,45,Brentford,BRE,FWD
